Date;Daily PV Yield(kWh);Daily inverter output (kWh);Daily exported energy(kWh);Daily imported energy(kWh);temperature_2m_max (°C);temperature_2m_min (°C);temperature_2m_mean (°C);Day of the week;daylight_duration (s);sunshine_duration (s);precipitation_sum (mm)
2024-05-23;4.9;5.9;0.94;7.08;16.6;8.5;12.8;Thursday;57225.66;50967.36;1.00
2024-05-24;17.5;16.8;0.07;25.3;16.7;9.5;13.2;Friday;57370.25;39951.46;9.80
2024-05-25;26.1;23.8;0.35;11.92;18.5;10.0;13.8;Saturday;57510.79;50621.47;2.70
2024-05-26;30.1;28.4;0.38;12.23;19.1;10.2;14.9;Sunday;57647.06;50556.42;5.60
2024-05-27;23.8;21.9;0.3;8.16;19.4;11.5;15.2;Monday;57778.87;38785.89;2.50
2024-05-28;15.6;15.9;0.12;17.93;16.3;7.0;11.8;Tuesday;57905.97;20636.79;16.00
2024-05-29;26.4;24.4;0.31;11.51;16.2;8.0;12.6;Wednesday;58028.16;51810.71;0.00
2024-05-30;25.2;23.6;0.29;8.59;17.1;9.6;13.4;Thursday;58145.20;36551.92;1.70
2024-05-31;28.4;26.2;0.17;19.75;18.1;9.2;14.4;Friday;58256.87;46340.55;1.70
2024-06-01;11.5;11.5;0;30.58;15.8;10.6;12.8;Saturday;58363.10;17326.07;13.50
2024-06-02;23.2;21.7;0.32;10.27;15.1;11.3;13.2;Sunday;58464.74;24469.44;6.90
2024-06-03;19.2;18.4;0.09;24.23;14.7;9.3;12.0;Monday;58561.91;15033.74;1.50
2024-06-04;36.9;34.5;0.15;12.48;14.5;8.3;11.4;Tuesday;58654.50;22462.63;0.00
2024-06-05;27;25;0.31;10.99;19.1;8.7;14.2;Wednesday;58742.38;52271.04;0.80
2024-06-06;29.9;28.4;0.48;8.85;18.5;10.0;13.8;Thursday;58825.47;51248.69;3.30
2024-06-07;29.1;26.8;0.3;8.7;17.3;9.2;13.5;Friday;58903.64;52064.26;0.40
2024-06-08;33;27.3;0.36;10.22;20.4;7.8;15.9;Saturday;58976.79;49929.32;0.30
2024-06-09;28.4;30;0.38;3.94;18.8;10.6;14.6;Sunday;59044.84;44013.69;0.20
2024-06-10;31.8;30.1;0.26;9.09;17.3;10.6;13.8;Monday;59107.67;37680.07;0.40
2024-06-11;28.2;24.3;0.28;8.25;12.4;6.2;10.0;Tuesday;59165.18;47938.35;0.30
2024-06-12;30.9;29.2;0.3;7.31;13.6;6.3;10.2;Wednesday;59217.29;37240.06;0.60
2024-06-13;27.9;27.7;0.18;13.63;12.9;5.5;9.0;Thursday;59263.89;43842.23;6.30
2024-06-14;27.5;25.4;0.18;13.18;14.7;4.5;10.9;Friday;59304.90;16451.42;0.00
2024-06-15;29.4;26.5;0.18;8.31;18.9;9.6;14.1;Saturday;59340.23;28428.03;2.40
2024-06-16;29.1;27.1;0.35;7.82;19.4;9.1;14.6;Sunday;59369.80;48759.54;0.00
2024-06-17;31.3;30.3;0.33;9.74;20.7;11.0;16.2;Monday;59393.54;45278.29;1.50
2024-06-18;29.2;26.6;0.32;7.77;22.8;12.8;18.8;Tuesday;59411.34;54011.52;0.60
2024-06-19;19.3;19.2;0.11;14.64;22.3;11.0;17.1;Wednesday;59423.18;41234.07;5.20
2024-06-20;26.9;23.9;0.33;8.18;20.2;9.2;15.2;Thursday;59428.95;47746.43;0.00
2024-06-21;27.3;27;0.27;13.14;25.7;13.7;18.9;Friday;59428.61;44774.80;8.30
2024-06-22;29.1;26.7;0.23;15.41;18.0;10.9;14.8;Saturday;59422.07;40547.59;8.70
2024-06-23;22.7;20.9;0.38;8.62;18.5;11.1;14.9;Sunday;59409.42;51630.68;0.10
2024-06-24;29.1;24.5;0.33;7.37;18.6;10.4;14.7;Monday;59390.71;54007.35;0.00
2024-06-25;24.4;20.9;0.32;3.67;22.9;9.3;17.2;Tuesday;59366.05;53500.39;0.00
2024-06-26;25.9;25.4;0.34;0.61;24.1;15.9;20.1;Wednesday;59335.52;53053.22;2.00
2024-06-27;26.9;29.1;0.46;1.75;25.2;15.7;19.4;Thursday;59299.20;51010.05;0.70
2024-06-28;27.8;26;0.27;8.7;24.5;15.0;19.8;Friday;59257.21;48548.18;0.70
2024-06-29;22.2;13.9;0.43;6.43;25.5;14.7;21.2;Saturday;59209.64;50904.15;0.90
2024-06-30;27.8;33.3;0.26;3.09;25.1;14.3;20.9;Sunday;59156.59;50335.55;1.30
2024-07-01;21.6;20.2;0.19;8.14;18.8;10.6;14.1;Monday;59098.16;29933.94;20.60
2024-07-02;23.2;21.7;0.2;9.76;14.4;8.4;11.7;Tuesday;59034.48;28219.14;2.30
2024-07-03;28.5;25.5;0.3;8.89;14.5;8.6;11.6;Wednesday;58965.64;39840.48;2.30
2024-07-04;21.7;21.6;0.25;7.45;16.0;9.3;12.2;Thursday;58891.76;43200.00;8.90
2024-07-05;23.7;22.2;0.13;9.8;17.1;6.8;12.6;Friday;58812.96;20121.79;0.60
2024-07-06;21.9;16.5;0.37;7.22;24.4;11.6;18.3;Saturday;58729.35;48546.64;1.70
2024-07-07;19;22.5;0.09;14.72;16.3;10.5;13.5;Sunday;58641.06;9032.06;6.00
2024-07-08;24.1;18.2;0.47;7.69;20.8;9.4;16.0;Monday;58548.19;44492.29;0.00
2024-07-09;19.5;22.6;0.34;2.51;25.3;13.2;20.3;Tuesday;58450.86;53025.84;0.00
2024-07-10;19.3;14;0.29;8.55;26.6;17.2;21.6;Wednesday;58349.20;39745.98;1.10
2024-07-11;28.1;28.7;0.34;4.45;23.0;15.2;18.7;Thursday;58243.18;46710.21;12.40
2024-07-12;24;24.4;0.24;6.06;24.6;15.0;18.7;Friday;58131.81;35154.94;10.10
2024-07-13;24.8;21.6;0.25;11.05;19.1;14.2;16.4;Saturday;58015.13;35633.71;4.60
2024-07-14;24.7;23.2;0.5;6.11;21.1;11.7;17.1;Sunday;57893.34;50831.59;1.90
2024-07-15;23.6;20.5;0.32;9.28;24.6;13.0;19.9;Monday;57766.68;51927.93;0.00
2024-07-16;23.3;21.5;0.22;2.83;23.0;16.4;19.9;Tuesday;57635.39;35764.85;1.00
2024-07-17;21.2;23.4;0.36;6.52;21.3;12.4;17.0;Wednesday;57499.68;47196.06;0.40
2024-07-18;28.9;27.4;0.33;7.93;21.6;12.9;17.3;Thursday;57359.76;50952.06;0.00
2024-07-19;38.2;35.5;0.3;8.57;23.3;13.0;18.7;Friday;57215.87;50400.00;0.20
2024-07-20;23.7;17.7;0.27;6.75;23.5;14.1;19.3;Saturday;57068.21;49695.48;0.00
2024-07-21;17.1;20.4;0.36;3.75;25.8;14.7;20.7;Sunday;56916.99;51079.05;0.00
2024-07-22;24.9;23.4;0.17;9.95;23.7;13.6;19.2;Monday;56762.43;46109.27;1.60
2024-07-23;26.6;22.2;0.4;7.49;20.8;12.7;17.1;Tuesday;56604.72;43272.49;3.50
2024-07-24;31.4;30.9;0.42;2.08;17.5;12.0;14.6;Wednesday;56444.07;35583.27;3.80
2024-07-25;25;20.1;0.43;5.99;18.3;10.7;14.4;Thursday;56280.67;47292.20;0.00
2024-07-26;23.6;21.9;0.26;6.55;22.7;10.5;16.3;Friday;56114.71;34601.66;1.80
2024-07-27;20.2;23.7;0.32;8.78;24.0;13.0;19.0;Saturday;55946.37;46800.00;3.00
2024-07-28;22.2;16.4;0.24;11.87;17.7;12.3;15.4;Sunday;55775.84;29000.72;6.30
2024-07-29;22.1;24.2;0.44;2.93;17.8;10.2;14.0;Monday;55603.30;50591.96;0.00
2024-07-30;22;18.8;0.47;7.74;22.3;8.6;16.0;Tuesday;55428.91;50516.07;0.00
2024-07-31;26.5;27.4;0.39;6.6;25.5;13.4;20.2;Wednesday;55252.63;50379.41;0.00
2024-08-01;22;19.9;0.22;9.04;25.4;14.9;19.7;Thursday;55073.02;45673.30;6.30
2024-08-02;7.9;8.7;0.03;20.79;17.4;12.5;15.1;Friday;54890.01;750.20;17.70
2024-08-03;22.2;13.8;0.32;9.34;19.1;11.4;15.0;Saturday;54703.82;38682.09;0.30
2024-08-04;21.4;26.7;0.3;3.48;18.7;13.3;15.4;Sunday;54514.68;26307.59;10.90
2024-08-05;19.7;12.7;0.35;9.83;16.6;10.0;13.1;Monday;54322.80;34684.16;0.30
2024-08-06;23.2;27.8;0.33;5.59;20.4;8.2;14.9;Tuesday;54128.41;49899.40;0.00
2024-08-07;20.5;12.5;0.29;9.3;24.1;12.8;18.4;Wednesday;53931.71;49371.57;0.60
2024-08-08;22.1;27.2;0.28;3.73;20.0;11.9;16.2;Thursday;53732.91;27998.28;2.00
2024-08-09;22.5;17.2;0.31;8.48;21.1;10.3;17.1;Friday;53532.20;36132.91;0.30
2024-08-10;22.3;21.1;0.32;4.85;22.7;15.3;18.4;Saturday;53329.77;49042.41;0.60
2024-08-11;20.6;22.9;0.34;8.04;21.2;13.3;17.1;Sunday;53125.82;42141.84;0.00
2024-08-12;25.7;18.6;0.31;8.18;24.2;11.1;18.4;Monday;52920.52;48826.24;0.00
2024-08-13;23.1;24.3;0.43;0.29;27.0;15.0;21.7;Tuesday;52714.04;48633.57;0.00
2024-08-14;24.3;20.4;0.3;0.34;27.5;17.7;22.0;Wednesday;52506.58;48439.61;2.40
2024-08-15;20.8;24.7;0.24;6.1;25.4;16.3;20.9;Thursday;52298.27;33576.32;0.40
2024-08-16;24.8;17.4;0.37;8.63;24.7;15.5;20.6;Friday;52089.30;48048.45;0.80
2024-08-17;20.7;23;0.29;0.27;25.8;17.0;20.6;Saturday;51879.82;42770.45;0.30
2024-08-18;23.8;24.5;0.21;7.62;23.6;15.7;19.2;Sunday;51669.98;33559.96;16.40
2024-08-19;23;21.4;0.18;17.21;16.8;11.9;14.5;Monday;51459.94;19372.94;16.80
2024-08-20;22.9;16;0.26;8.7;21.6;11.5;17.4;Tuesday;51249.61;43298.62;0.00
2024-08-21;24.7;28.3;0.25;6.52;18.5;11.5;15.6;Wednesday;51037.45;32403.65;8.20
2024-08-22;23.6;20.3;0.34;8.95;17.8;8.8;13.6;Thursday;50823.34;34461.48;0.00
2024-08-23;27;26.2;0.24;18.13;22.3;11.1;17.1;Friday;50607.44;45299.09;0.00
2024-08-24;25.4;19.6;0.38;9.99;25.3;13.7;21.2;Saturday;50389.93;46269.53;0.00
2024-08-25;20.6;24.2;0.16;22.13;20.9;12.6;17.0;Sunday;50170.98;32425.61;2.40
2024-08-26;22.6;18.8;0.28;8.41;19.5;11.4;14.7;Monday;49950.75;35276.24;0.20
2024-08-27;22.3;23.2;0.31;9.13;21.5;11.9;16.3;Tuesday;49729.39;44450.01;0.10
2024-08-28;21.6;18.6;0.29;8.86;25.3;13.0;20.0;Wednesday;49507.07;44003.06;0.10
2024-08-29;25;19.4;0.34;5.49;26.2;17.3;21.6;Thursday;49283.95;43975.62;0.10
2024-08-30;21.8;23.9;0.32;0.27;26.6;16.5;21.7;Friday;49060.15;43669.48;0.00
2024-08-31;20.8;14.7;0.24;11.92;22.3;13.6;17.3;Saturday;48835.83;40430.86;0.00
2024-09-01;25.2;30.3;0.26;4.34;23.3;12.9;17.4;Sunday;48611.14;43360.04;0.10
2024-09-02;20.6;16.7;0.26;11.04;23.9;13.8;19.3;Monday;48386.20;43169.94;1.20
2024-09-03;23.7;20.7;0.28;4.37;26.4;17.3;21.7;Tuesday;48161.16;43203.02;0.00
2024-09-04;22.4;22.1;0.34;2.96;27.1;19.3;22.6;Wednesday;47936.16;43304.64;0.00
2024-09-05;24.6;22.4;0.4;2.75;25.6;17.7;21.3;Thursday;47711.31;43200.00;0.00
2024-09-06;17.7;15.3;0.33;0.23;23.8;16.8;19.9;Friday;47486.75;43203.23;0.00
2024-09-07;16.5;21.1;0.34;0.28;24.3;15.6;20.2;Saturday;47262.62;43103.82;0.00
2024-09-08;18.9;15.5;0.28;12.19;25.2;17.7;21.1;Sunday;47039.03;39981.90;0.00
2024-09-09;4.2;7.2;0.02;24.5;20.0;11.6;14.6;Monday;46815.88;0.00;19.30
2024-09-10;11.6;11.1;0.07;15.65;13.7;8.7;11.4;Tuesday;46591.66;24276.24;11.80
2024-09-11;5.6;5.7;0.01;29.95;14.4;8.3;10.8;Wednesday;46366.20;19864.52;3.80
2024-09-12;10.9;10.6;0.05;26.63;9.2;6.0;7.2;Thursday;46139.62;921.84;14.40
2024-09-13;3.9;4.3;0.01;33.16;7.0;4.4;5.5;Friday;45912.09;0.00;49.70
2024-09-14;1.3;1.4;0;53.72;8.7;6.3;7.5;Saturday;45683.72;0.00;54.30
2024-09-15;7;6.7;0;54.86;8.8;5.9;7.5;Sunday;45454.66;0.00;44.80
2024-09-16;8.9;8.7;0;40.63;14.1;7.5;11.3;Monday;45225.04;0.00;9.60
2024-09-17;22.4;18.7;0.25;12.45;18.7;11.1;14.6;Tuesday;44994.98;41181.02;0.10
2024-09-18;20.7;17.2;0.24;13.8;19.6;11.9;15.3;Wednesday;44764.63;40951.20;0.20
2024-09-19;20.5;19.2;0.4;5.88;16.8;10.9;13.5;Thursday;44534.11;40058.35;0.10
2024-09-20;21.1;23.1;0.29;12.97;18.9;9.5;13.9;Friday;44303.54;40489.94;0.00
2024-09-21;20.7;15;0.26;13.01;18.0;9.7;13.7;Saturday;44073.06;40258.76;0.00
2024-09-22;17.4;20.7;0.33;5.05;17.7;10.9;13.7;Sunday;43842.80;40027.36;0.00
2024-09-23;28;22.6;0.21;16.52;17.6;10.0;13.2;Monday;43612.87;32322.08;0.00
2024-09-24;7.4;11.7;0.06;37.44;13.7;9.1;11.4;Tuesday;43383.41;22950.02;1.90
2024-09-25;13.1;12.6;0.06;31.69;15.1;8.7;11.6;Wednesday;43154.55;33403.21;0.80
2024-09-26;4.1;4.2;0;41.24;14.2;9.9;12.0;Thursday;42926.41;0.00;9.60
2024-09-27;16.5;15.3;0.19;27.89;14.8;8.7;11.5;Friday;42699.12;32151.53;4.50
2024-09-28;11.2;10.9;0.01;31.14;9.9;4.0;7.6;Saturday;42472.81;23665.12;1.30
2024-09-29;19.6;18.6;0.12;28.93;8.2;2.5;4.8;Sunday;42247.38;35694.29;0.20
2024-09-30;28.7;25.6;0.22;21.2;10.5;3.0;6.5;Monday;42021.23;36605.57;0.00
2024-10-01;9.4;9.4;0;42.11;11.8;4.7;7.7;Tuesday;41794.15;30951.05;1.40
2024-10-02;4.4;4.5;0;33.57;9.1;6.2;7.5;Wednesday;41566.30;0.00;15.40
2024-10-03;8.6;8.8;0.03;41.91;8.3;5.2;6.4;Thursday;41337.83;21842.49;2.90
2024-10-04;3.7;3.8;0;51.11;6.0;5.1;5.7;Friday;41108.87;0.00;5.80
2024-10-05;7.3;7.5;0;42.14;6.1;4.7;5.2;Saturday;40879.57;0.00;5.60
2024-10-06;8.9;8.7;0;39.55;8.1;3.4;5.7;Sunday;40650.07;9709.53;0.30
2024-10-07;14.1;13.7;0.04;33.58;11.3;3.9;8.1;Monday;40420.53;32793.38;0.00
2024-10-08;25.2;22.7;0.28;24.67;14.9;8.9;11.9;Tuesday;40191.08;35084.16;0.10
2024-10-09;25.1;23.3;0.29;27.73;14.4;10.1;11.8;Wednesday;39961.88;21606.10;9.30
2024-10-10;6.6;6.6;0.04;48.49;14.5;7.9;10.5;Thursday;39733.08;10050.59;2.90
2024-10-11;8.7;8.7;0;50.68;7.5;0.7;4.6;Friday;39504.84;18285.09;2.50
2024-10-12;28;25.3;4.38;23.57;8.4;0.0;4.8;Saturday;39277.31;30913.11;0.00
2024-10-13;9.5;9.7;0.12;59.99;8.3;3.6;6.0;Sunday;39050.64;23641.04;7.90
2024-10-14;22.6;21;0.23;29.99;7.2;2.5;4.6;Monday;38825.02;30358.08;2.60
2024-10-15;26.7;24.6;3.91;21.98;8.9;1.8;4.6;Tuesday;38600.59;34390.39;0.00
2024-10-16;34.5;32;11.23;22.02;10.7;2.0;6.4;Wednesday;38377.51;34252.03;0.00
2024-10-17;31.1;28.8;6.15;33.31;10.5;5.0;7.7;Thursday;38155.99;34123.53;0.00
2024-10-18;26.9;25;3.33;30;12.1;7.3;9.1;Friday;37936.18;33934.88;0.00
2024-10-19;24.7;22.9;0.18;33.82;12.3;6.5;8.7;Saturday;37717.98;33154.95;0.00
2024-10-20;26.9;25.8;0.18;40.38;11.7;6.3;8.4;Sunday;37499.62;33121.94;0.00
2024-10-21;16.1;15.6;0.08;28.49;12.1;6.1;9.0;Monday;37280.88;17176.40;0.00
2024-10-22;16.3;14.7;0.24;21.98;12.5;6.2;9.1;Tuesday;37061.93;27171.50;0.50
2024-10-23;22;20.2;1.21;10.47;11.2;2.7;6.6;Wednesday;36842.96;29896.43;0.00
2024-10-24;28.7;26.8;10.19;16.55;13.5;3.1;8.7;Thursday;36624.15;32050.33;0.00
2024-10-25;6.9;7;0.02;35.23;11.2;7.3;8.8;Friday;36405.68;30559.98;0.00
2024-10-26;26;23.9;4.84;11.75;13.4;7.2;9.1;Saturday;36187.74;27139.73;0.00
2024-10-27;4;4;0;38.13;11.1;7.0;8.9;Sunday;35970.53;20059.88;0.00
2024-10-28;4.2;3.8;0.02;28.15;12.9;8.4;9.9;Monday;35754.25;20179.64;0.20
2024-10-29;4.9;4.5;0;40.67;11.6;7.7;9.3;Tuesday;35539.09;15294.33;0.10
2024-10-30;3.1;3;0;45.92;10.5;7.5;9.0;Wednesday;35325.28;9501.43;1.40
2024-10-31;5.4;5.4;0.01;25.28;8.4;4.1;6.6;Thursday;35113.03;14838.33;0.60
2024-11-01;8.6;8.6;0.09;26.57;10.0;4.0;6.2;Friday;34902.55;30368.69;0.00
2024-11-02;9.4;9.1;0.07;31.03;6.2;-1.3;3.6;Saturday;34694.07;12872.99;3.50
2024-11-03;23.8;22.2;0.3;34.8;5.9;-2.0;1.8;Sunday;34487.84;30223.57;0.00
2024-11-04;5.9;5.9;0.01;49.52;6.0;0.8;3.7;Monday;34284.07;49.05;0.00
2024-11-05;25.3;23.5;0.27;26.41;6.1;1.3;3.1;Tuesday;34083.02;29099.62;0.00
2024-11-06;23.5;21.6;0.13;22.87;6.7;0.7;2.9;Wednesday;33884.94;26616.89;0.00
2024-11-07;3.3;3.3;0;45.05;6.4;1.3;4.0;Thursday;33690.08;0.00;0.00
2024-11-08;23.8;21.7;0.19;26.58;8.0;-0.4;4.0;Friday;33498.42;29112.15;0.00
2024-11-09;25.5;23.9;3.07;25.8;9.3;0.5;4.6;Saturday;33308.07;28548.51;0.00
2024-11-10;23.8;22;2.53;25.29;8.5;0.3;4.0;Sunday;33118.82;28673.61;0.00
2024-11-11;12.3;12.2;0.07;46.51;3.1;-2.9;-0.3;Monday;32930.90;5144.10;0.00
2024-11-12;22.2;20.2;0.13;30.17;3.7;-2.7;-0.3;Tuesday;32744.49;22424.38;0.00
2024-11-13;2;2.1;0;50.9;0.4;-1.7;-0.6;Wednesday;32559.85;0.00;2.80
2024-11-14;1.8;1.7;0;52.4;2.5;-0.7;0.5;Thursday;32377.19;0.00;2.10
2024-11-15;2.6;2.7;0;48.38;3.7;0.5;2.0;Friday;32196.75;3138.35;0.40
2024-11-16;2.8;2.8;0;51.85;2.6;-0.7;0.3;Saturday;32018.76;11114.49;0.00
2024-11-17;0.5;0.6;0;54.92;1.0;-1.5;-0.2;Sunday;31843.47;0.00;5.80
2024-11-18;0.3;0.4;0;51.54;-0.2;-3.6;-1.6;Monday;31671.14;4857.40;8.30
2024-11-19;0;0.2;0;57.58;4.2;-3.4;1.4;Tuesday;31502.02;0.00;9.10
2024-11-20;0.2;0.3;0;54.18;0.6;-4.3;-2.5;Wednesday;31336.37;8641.06;11.70
2024-11-21;0.2;0.5;0;57.57;-2.2;-5.9;-3.8;Thursday;31174.46;12160.22;4.60
2024-11-22;0;0.1;0;70.9;-2.9;-8.1;-5.1;Friday;31016.57;6775.86;1.10
2024-11-23;0.1;0.3;0;76.9;-1.3;-6.4;-3.6;Saturday;30862.97;25861.81;3.00
2024-11-24;0.2;0.4;0;62.57;4.4;-2.5;1.7;Sunday;30713.96;0.00;7.80
2024-11-25;19.7;19;0.17;24.9;5.8;1.4;3.3;Monday;30569.82;25707.87;0.00
2024-11-26;2.7;2.6;0;52.78;3.4;-0.7;1.1;Tuesday;30430.84;4513.11;2.20
2024-11-27;5.3;5.1;0;47.23;2.6;-0.2;1.1;Wednesday;30297.33;23350.09;0.00
2024-11-28;0.7;0.6;0;53.03;2.5;-0.5;0.9;Thursday;30169.33;2653.10;13.80
2024-11-29;0.3;0.3;0;48.84;0.7;-1.0;-0.2;Friday;30045.39;0.00;10.40
2024-11-30;17.4;16.7;0.05;39.65;0.7;-5.3;-1.9;Saturday;29925.35;24502.93;0.00
2024-12-01;24.8;23.9;0.03;39.33;2.3;-3.0;-0.8;Sunday;29809.38;24932.72;0.00
2024-12-02;5.1;4.9;0;66.59;0.9;-2.7;-1.0;Monday;29697.64;23775.62;0.00
2024-12-03;0.1;0.2;0;72.39;0.7;-0.5;0.0;Tuesday;29590.31;946.90;8.00
2024-12-04;1.6;1.4;0;66.58;0.1;-3.6;-1.1;Wednesday;29487.57;12166.16;1.90
2024-12-05;0.1;0.1;0;60.11;-0.8;-3.2;-2.1;Thursday;29389.59;7424.14;1.90
2024-12-06;0;0;0;74.22;0.4;-3.6;-1.5;Friday;29296.53;0.00;16.00
2024-12-07;0;0;0;65.99;1.0;-0.8;0.2;Saturday;29208.58;2463.41;3.10
2024-12-08;0;0;0;63.68;0.8;-2.6;-0.7;Sunday;29125.91;0.00;2.70
2024-12-09;0;0.1;0;58.41;-0.7;-3.2;-1.8;Monday;29048.69;0.00;5.10
2024-12-10;4.4;4.2;0.02;57.93;-1.2;-4.0;-2.7;Tuesday;28977.09;3352.75;10.90
2024-12-11;3.9;3.9;0;60.07;-1.4;-4.0;-3.0;Wednesday;28911.29;3271.90;0.00
2024-12-12;3.5;3.2;0;58.43;-1.8;-4.3;-3.1;Thursday;28851.45;2717.64;0.00
2024-12-13;0.5;0.4;0;56.58;-3.0;-6.2;-4.8;Friday;28797.73;21809.00;0.00
2024-12-14;0.1;0.2;0;31.09;-2.9;-5.3;-4.2;Saturday;28750.31;0.00;0.70
2024-12-15;0;0;0;89.26;1.4;-2.6;-1.2;Sunday;28709.34;2359.12;9.20
2024-12-16;0.4;0.4;0;52.97;4.0;1.2;2.9;Monday;28674.97;0.00;4.20
2024-12-17;1.6;1.5;0;50.47;3.8;-0.2;2.6;Tuesday;28647.36;1838.75;1.60
2024-12-18;7.4;7.4;0.01;46.3;3.0;-0.2;1.2;Wednesday;28626.60;14400.00;0.10
2024-12-19;0.7;0.7;0;52.47;4.8;0.5;3.1;Thursday;28612.40;692.54;1.70
2024-12-20;0.7;0.6;0;69.61;1.3;-2.3;-0.9;Friday;28604.65;14914.67;5.10
2024-12-21;0.4;0.4;0;58.86;-0.0;-5.7;-2.2;Saturday;28603.30;7728.43;0.90
2024-12-22;0.3;0.4;0;54.91;1.4;-1.7;0.0;Sunday;28608.30;0.00;14.50
2024-12-23;0.2;0.2;0;66.68;-1.0;-4.1;-2.1;Monday;28619.60;18323.77;1.00
2024-12-24;0.1;0.1;0;59.09;-1.3;-4.2;-1.9;Tuesday;28637.13;0.00;3.90
2024-12-25;4.1;4.2;0.01;55.59;-0.1;-8.2;-4.8;Wednesday;28660.81;22813.20;0.00
2024-12-26;16.6;15.8;0.03;52.02;4.1;-6.1;-1.8;Thursday;28690.59;23617.01;0.00
2024-12-27;19.7;18.6;0.07;31.95;5.7;-2.0;1.4;Friday;28726.38;23568.79;0.00
2024-12-28;19.3;18.3;0.06;28.8;5.1;-3.0;0.8;Saturday;28768.10;23625.20;0.00
2024-12-29;20.4;19.8;0.07;36.7;1.7;-7.0;-2.3;Sunday;28815.68;23766.36;0.00
2024-12-30;20.6;19.5;0.04;42.98;-0.3;-8.0;-4.6;Monday;28869.02;23252.92;0.00
2024-12-31;22;21;0.03;42.25;0.3;-4.4;-3.1;Tuesday;28928.03;22904.56;0.00
2025-01-01;6.1;12.3;0.04;52.45;1.9;-5.6;-1.8;Wednesday;28992.62;11719.86;0.00
2025-01-02;0.2;12.7;0.19;65.54;3.9;-3.3;-0.1;Thursday;29062.70;0.00;5.90
2025-01-03;0.2;16.7;0.06;47.11;-3.1;-5.6;-3.9;Friday;29138.17;7748.47;4.80
2025-01-04;0.2;14.4;0.02;89.29;-4.0;-8.3;-5.6;Saturday;29218.93;0.00;0.90
2025-01-05;0.2;17.1;0.04;79.06;0.9;-8.4;-4.9;Sunday;29304.87;0.00;11.10
2025-01-06;2.6;18.4;0.01;64.22;3.4;0.3;1.7;Monday;29395.90;4915.94;2.00
2025-01-07;0.8;17.8;0.04;62.33;1.8;-3.6;-0.3;Tuesday;29492.08;0.00;9.30
2025-01-08;0.1;17.4;0.04;71.22;-0.7;-3.1;-2.2;Wednesday;29594.48;9105.55;2.60
2025-01-09;5.8;14.3;0.02;64.06;4.4;-3.2;1.3;Thursday;29703.09;16437.29;8.80
2025-01-10;0.6;17.7;0.02;72.97;-2.8;-4.5;-3.7;Friday;29817.62;0.00;4.40
2025-01-11;0.4;16.8;0.01;73.97;-4.6;-6.2;-5.5;Saturday;29937.83;0.00;10.60
2025-01-12;0.6;17.1;0.02;81.05;-5.0;-6.6;-5.7;Sunday;30063.42;0.00;4.80
2025-01-13;8.3;22.2;0.01;71.83;-3.2;-10.2;-6.7;Monday;30194.15;2241.63;0.10
2025-01-14;3.4;19.5;0.03;75.71;-1.3;-10.3;-4.8;Tuesday;30329.75;21141.22;1.60
2025-01-15;2.5;10.6;0.02;58.89;-0.4;-2.5;-1.1;Wednesday;30469.95;0.00;5.50
2025-01-16;4.1;19.5;0.04;61.88;-0.1;-3.2;-1.7;Thursday;30614.51;7498.24;0.00
2025-01-17;5.3;18.5;0.08;66.11;0.8;-4.7;-2.6;Friday;30763.16;24600.72;0.00
2025-01-18;22.9;32.1;5.76;45.45;6.6;-3.0;0.8;Saturday;30915.66;26221.22;0.00
2025-01-19;26.6;34.5;8.96;40.49;8.6;-0.5;2.9;Sunday;31071.77;26400.43;0.00
2025-01-20;22.1;29.8;6.32;39.17;3.1;-4.5;-0.4;Monday;31231.25;24194.79;0.00
2025-01-21;5;19.8;0.03;70;-0.2;-6.0;-3.6;Tuesday;31393.86;7736.44;0.00
2025-01-22;24.3;31.8;6.02;54.15;3.3;-7.8;-3.4;Wednesday;31559.38;25610.32;0.00
2025-01-23;1;17.7;0.03;69.98;-1.3;-6.0;-3.3;Thursday;31727.56;4151.35;0.30
2025-01-24;1.3;17.3;0.06;65.35;1.5;-3.3;-0.8;Friday;31898.21;10224.50;1.70
2025-01-25;9.4;24.1;1.36;47.69;4.9;0.2;2.0;Saturday;32071.10;22045.44;1.40
2025-01-26;2.7;18.2;0.03;64.26;1.5;-1.3;0.8;Sunday;32246.01;0.00;1.20
2025-01-27;6.2;21.9;0.07;48.71;3.7;-1.4;1.7;Monday;32423.04;2046.56;2.30
2025-01-28;2.1;18.9;0.04;53.25;4.9;-0.1;2.1;Tuesday;32604.01;0.00;5.00
2025-01-29;0.9;17.3;0.03;59.41;2.5;-0.9;0.5;Wednesday;32789.04;5497.92;1.10
2025-01-30;22.9;30.7;3.62;45.45;4.8;-0.6;1.1;Thursday;32977.82;27918.38;0.00
2025-01-31;0.7;17.3;0.03;69.4;0.2;-4.7;-1.9;Friday;33170.07;4707.68;5.00
2025-02-01;0.6;17.1;0.08;82.5;0.5;-6.4;-3.5;Saturday;33365.54;28117.84;0.00
2025-02-02;1.2;17.4;0.05;73.12;-1.1;-8.5;-4.9;Sunday;33563.94;15879.72;0.00
2025-02-03;25.6;33;6.99;51.93;-0.2;-10.8;-6.5;Monday;33765.01;29437.35;0.00
2025-02-04;33.3;40.7;10.88;51.37;0.2;-9.9;-5.6;Tuesday;33968.50;29662.33;0.00
2025-02-05;14.8;24;1.61;54.22;1.3;-8.3;-3.2;Wednesday;34174.16;19499.89;0.60
2025-02-06;7.7;20.1;0.07;57.85;0.4;-3.2;-1.7;Thursday;34381.74;0.00;0.10
2025-02-07;17.8;25.6;2.21;51.91;0.8;-3.9;-1.7;Friday;34591.02;21563.38;0.00
2025-02-08;28;36;3.49;49.97;0.3;-3.6;-2.1;Saturday;34801.76;29422.73;0.00
2025-02-09;34.9;43;11.61;39.1;2.9;-6.0;-2.6;Sunday;35013.74;30648.23;0.00
2025-02-10;14.2;23.1;0.85;60.4;5.3;-6.6;-2.1;Monday;35226.74;30736.73;0.00
2025-02-11;31.3;39.6;11.62;44.45;2.6;-7.5;-2.4;Tuesday;35440.55;30518.99;0.00
2025-02-12;3.3;11.2;0.02;32.29;-2.7;-3.8;-3.3;Wednesday;35654.97;2869.93;1.50
